<keymap version="1" name="Windows copy" parent="$default">
  <action id="$Paste">
    <keyboard-shortcut first-keystroke="shift insert" />
  </action>
  <action id="ActivateFindToolWindow">
    <keyboard-shortcut first-keystroke="alt 7" />
  </action>
  <action id="ActivateStructureToolWindow">
    <keyboard-shortcut first-keystroke="alt 3" />
  </action>
  <action id="Arrangement.Rule.Edit" />
  <action id="AutoIndentLines">
    <keyboard-shortcut first-keystroke="shift ctrl tab" />
  </action>
  <action id="ChangesView.Rename">
    <keyboard-shortcut first-keystroke="shift f6" />
  </action>
  <action id="ChooseRunConfiguration">
    <keyboard-shortcut first-keystroke="ctrl f5" />
  </action>
  <action id="CloseActiveTab">
    <keyboard-shortcut first-keystroke="shift ctrl w" />
  </action>
  <action id="CloseContent">
    <keyboard-shortcut first-keystroke="ctrl w" />
  </action>
  <action id="CollapseSelection">
    <keyboard-shortcut first-keystroke="ctrl period" />
    <keyboard-shortcut first-keystroke="f2" />
  </action>
  <action id="CommentByLineComment">
    <keyboard-shortcut first-keystroke="ctrl slash" />
    <keyboard-shortcut first-keystroke="ctrl divide" />
    <keyboard-shortcut first-keystroke="f1" />
  </action>
  <action id="Console.TableResult.EditValue">
    <keyboard-shortcut first-keystroke="enter" />
    <keyboard-shortcut first-keystroke="alt enter" />
  </action>
  <action id="ContextHelp" />
  <action id="CopyElement" />
  <action id="DatabaseView.DataSourcePasteAction">
    <keyboard-shortcut first-keystroke="shift insert" />
  </action>
  <action id="Debug">
    <keyboard-shortcut first-keystroke="shift f5" />
  </action>
  <action id="Debugger.EditTypeSource" />
  <action id="Diff.FocusOppositePaneAndScroll" />
  <action id="EditSourceInNewWindow" />
  <action id="EditorAddOrRemoveCaret">
    <mouse-shortcut keystroke="control button1" />
  </action>
  <action id="EditorAddRectangularSelectionOnMouseDrag" />
  <action id="EditorContextInfo">
    <keyboard-shortcut first-keystroke="shift ctrl f3" />
  </action>
  <action id="EditorCreateRectangularSelectionOnMouseDrag">
    <mouse-shortcut keystroke="button2" />
  </action>
  <action id="EditorPaste">
    <keyboard-shortcut first-keystroke="shift insert" />
  </action>
  <action id="EditorPasteSimple">
    <keyboard-shortcut first-keystroke="shift ctrl alt v" />
    <keyboard-shortcut first-keystroke="ctrl v" />
  </action>
  <action id="EditorSelectWord" />
  <action id="EditorUnSelectWord" />
  <action id="EmacsStyleIndent">
    <keyboard-shortcut first-keystroke="shift ctrl alt space" />
  </action>
  <action id="ExpressionTypeInfo">
    <keyboard-shortcut first-keystroke="ctrl f3" />
  </action>
  <action id="ExternalJavaDoc">
    <keyboard-shortcut first-keystroke="shift f1" />
    <keyboard-shortcut first-keystroke="ctrl f4" />
  </action>
  <action id="FindNext">
    <keyboard-shortcut first-keystroke="ctrl l" />
  </action>
  <action id="Git.Rename.Local.Branch">
    <keyboard-shortcut first-keystroke="shift f6" />
  </action>
  <action id="Git.Reword.Commit">
    <keyboard-shortcut first-keystroke="shift f6" />
  </action>
  <action id="GotoDeclaration">
    <mouse-shortcut keystroke="shift alt button1" />
  </action>
  <action id="GotoImplementation">
    <mouse-shortcut keystroke="shift control alt button1" />
  </action>
  <action id="GotoNextError" />
  <action id="GotoPreviousError" />
  <action id="GotoTest" />
  <action id="GotoTypeDeclaration">
    <mouse-shortcut keystroke="control alt button1" />
  </action>
  <action id="Graph.ApplyCurrentLayout" />
  <action id="Graph.RouteEdges" />
  <action id="JumpToLastWindow" />
  <action id="NextDiff" />
  <action id="ParameterInfo">
    <keyboard-shortcut first-keystroke="f3" />
  </action>
  <action id="Pause">
    <keyboard-shortcut first-keystroke="f7" />
  </action>
  <action id="QuickEvaluateExpression">
    <keyboard-shortcut first-keystroke="ctrl alt f8" />
  </action>
  <action id="QuickImplementations">
    <keyboard-shortcut first-keystroke="shift f4" />
  </action>
  <action id="QuickJavaDoc">
    <mouse-shortcut keystroke="alt button1" />
    <keyboard-shortcut first-keystroke="shift f3" />
  </action>
  <action id="QuickTypeDefinition">
    <keyboard-shortcut first-keystroke="shift ctrl f4" />
  </action>
  <action id="Refresh" />
  <action id="ReopenClosedTab">
    <keyboard-shortcut first-keystroke="shift ctrl t" />
  </action>
  <action id="Rerun" />
  <action id="Resume">
    <keyboard-shortcut first-keystroke="f8" />
  </action>
  <action id="Run">
    <keyboard-shortcut first-keystroke="f5" />
  </action>
  <action id="RunConfigurationAsAction_Debug_inference_default_target">
    <keyboard-shortcut first-keystroke="shift f11" />
  </action>
  <action id="RunConfigurationAsAction_Debug_to Samples_default_target">
    <keyboard-shortcut first-keystroke="shift f9" />
  </action>
  <action id="RunConfigurationAsAction_Debug_train Seg_default_target">
    <keyboard-shortcut first-keystroke="shift f10" />
  </action>
  <action id="RunConfigurationAsAction_Run_Reset Files_default_target">
    <keyboard-shortcut first-keystroke="f12" />
  </action>
  <action id="RunConfigurationAsAction_Run_inference_default_target">
    <keyboard-shortcut first-keystroke="f11" />
  </action>
  <action id="RunConfigurationAsAction_Run_to Samples_default_target">
    <keyboard-shortcut first-keystroke="f9" />
  </action>
  <action id="RunConfigurationAsAction_Run_train Seg_default_target">
    <keyboard-shortcut first-keystroke="f10" />
  </action>
  <action id="RunDashboard.EditConfiguration" />
  <action id="ServiceView.ShowServices" />
  <action id="ShelvedChanges.Rename">
    <keyboard-shortcut first-keystroke="shift f6" />
  </action>
  <action id="ShowBookmarks" />
  <action id="SmartSelect" />
  <action id="SmartStepInto" />
  <action id="SmartUnSelect" />
  <action id="StepInto" />
  <action id="StepOver" />
  <action id="Stop">
    <keyboard-shortcut first-keystroke="f5" />
  </action>
  <action id="SurroundWith">
    <keyboard-shortcut first-keystroke="ctrl alt t" />
    <keyboard-shortcut first-keystroke="shift f2" />
  </action>
  <action id="Switcher">
    <keyboard-shortcut first-keystroke="ctrl tab" />
  </action>
  <action id="SwitcherPreviousProblem" />
  <action id="TableResult.GrowSelection" />
  <action id="TableResult.ShrinkSelection" />
  <action id="ToggleBookmark" />
  <action id="UsageView.Rerun" />
  <action id="XDebugger.EditWatch" />
  <action id="XDebugger.SetValue" />
</keymap>