<profile version="1.0">
  <option name="myName" value="Default" />
  <inspection_tool class="PyPep8Inspection" enabled="true" level="WEAK WARNING" enabled_by_default="true">
    <option name="ignoredErrors">
      <list>
        <option value="E501" />
        <option value="E303" />
        <option value="E265" />
        <option value="E231" />
        <option value="E203" />
        <option value="E272" />
        <option value="E225" />
        <option value="E201" />
        <option value="E221" />
        <option value="E251" />
        <option value="E222" />
      </list>
    </option>
  </inspection_tool>
  <inspection_tool class="PyUnresolvedReferencesInspection" enabled="true" level="WARNING" enabled_by_default="true">
    <option name="ignoredIdentifiers">
      <list>
        <option value="cv2" />
      </list>
    </option>
  </inspection_tool>
</profile>